31.96397677531994,34.75808452861086,80,80
31.96397677531994,34.75808452861086,85,85
31.96397677531994,34.75808452861086,90,95
31.96397677531994,34.75808452861086,105,105
31.96397677531994,34.75808452861086,110,110
31.9631819875218,34.75827329688503,80,80
31.9631819875218,34.75827329688503,85,80
31.9631819875218,34.75827329688503,90,95
31.9631819875218,34.75827329688503,95,100
31.9631819875218,34.75827329688503,105,105
31.9631819875218,34.75827329688503,110,110
31.962336323140384,34.758459588750675,80,80
31.962336323140384,34.758459588750675,90,90
31.962336323140384,34.758459588750675,95,100
31.962336323140384,34.758459588750675,100,105
31.962336323140384,34.758459588750675,105,105
31.962336323140384,34.758459588750675,110,110
31.962336323140384,34.758459588750675,115,115
31.9614953100066,34.75865677970132,80,80
31.9614953100066,34.75865677970132,85,80
31.9614953100066,34.75865677970132,90,95
31.9614953100066,34.75865677970132,100,100
31.9614953100066,34.75865677970132,105,110
31.9614953100066,34.75865677970132,110,110
31.9614953100066,34.75865677970132,115,115
31.96064357332541,34.75882336065846,80,80
31.96064357332541,34.75882336065846,95,100
31.96064357332541,34.75882336065846,100,100
31.96064357332541,34.75882336065846,105,100
31.96064357332541,34.75882336065846,110,115
31.96064357332541,34.75882336065846,115,115
31.96064357332541,34.75882336065846,120,120
31.959638063766903,34.75893226442773,80,80
31.959638063766903,34.75893226442773,85,85
31.959638063766903,34.75893226442773,100,100
31.959638063766903,34.75893226442773,115,110
31.959638063766903,34.75893226442773,120,115
31.958554444547786,34.75889772447256,80,85
31.958554444547786,34.75889772447256,85,85
31.958554444547786,34.75889772447256,100,100
31.958554444547786,34.75889772447256,110,110
31.958554444547786,34.75889772447256,115,115
31.95761888188978,34.75875201107285,85,80
31.95761888188978,34.75875201107285,100,105
31.95761888188978,34.75875201107285,105,105
31.95761888188978,34.75875201107285,110,110
31.95761888188978,34.75875201107285,115,110
31.95761888188978,34.75875201107285,120,120
31.95679628875547,34.758515270770296,80,85
31.95679628875547,34.758515270770296,85,85
31.95679628875547,34.758515270770296,100,100
31.95679628875547,34.758515270770296,105,110
31.95679628875547,34.758515270770296,110,110
31.95679628875547,34.758515270770296,120,115
31.95602315950909,34.75820177567957,85,85
31.95602315950909,34.75820177567957,100,100
31.95602315950909,34.75820177567957,105,105
31.95602315950909,34.75820177567957,110,115
31.95602315950909,34.75820177567957,115,115
31.955291452020038,34.75782315008719,80,80
31.955291452020038,34.75782315008719,85,85
31.955291452020038,34.75782315008719,100,100
31.955291452020038,34.75782315008719,105,105
31.955291452020038,34.75782315008719,110,110
31.955291452020038,34.75782315008719,115,115
31.954608654120598,34.75737569559522,80,80
31.954608654120598,34.75737569559522,85,85
31.954608654120598,34.75737569559522,100,100
31.954608654120598,34.75737569559522,105,105
31.954608654120598,34.75737569559522,110,105
31.954608654120598,34.75737569559522,115,115
31.953952958176224,34.75685777054345,80,80
31.953952958176224,34.75685777054345,85,85
31.953952958176224,34.75685777054345,100,100
31.953952958176224,34.75685777054345,105,105
31.953952958176224,34.75685777054345,115,110
31.953301814236404,34.75623767906421,80,80
31.953301814236404,34.75623767906421,85,85
31.953301814236404,34.75623767906421,100,100
31.953301814236404,34.75623767906421,105,105
31.953301814236404,34.75623767906421,110,110
31.953301814236404,34.75623767906421,115,115
31.95266994255402,34.75557519531501,80,80
31.95266994255402,34.75557519531501,85,85
31.95266994255402,34.75557519531501,100,100
31.95266994255402,34.75557519531501,105,105
31.95266994255402,34.75557519531501,110,105
31.95266994255402,34.75557519531501,115,115
31.952053664712167,34.754937399360934,80,80
31.952053664712167,34.754937399360934,85,85
31.952053664712167,34.754937399360934,100,100
31.952053664712167,34.754937399360934,105,105
31.952053664712167,34.754937399360934,115,115
31.951449933313192,34.754309242723835,80,80
31.951449933313192,34.754309242723835,85,85
31.951449933313192,34.754309242723835,100,100
31.951449933313192,34.754309242723835,105,105
31.951449933313192,34.754309242723835,115,110
31.950849876656157,34.753686034050716,80,85
31.950849876656157,34.753686034050716,85,85
31.950849876656157,34.753686034050716,100,100
31.950849876656157,34.753686034050716,105,105
31.950849876656157,34.753686034050716,110,105
31.950232314415665,34.75305347918026,85,85
31.950232314415665,34.75305347918026,100,100
31.950232314415665,34.75305347918026,105,100
31.94960611313143,34.75240453260513,85,85
31.94960611313143,34.75240453260513,95,95
31.94960611313143,34.75240453260513,100,100
31.948966515488475,34.751760290318465,85,85
31.948966515488475,34.751760290318465,95,100
31.948966515488475,34.751760290318465,100,100
31.948966515488475,34.751760290318465,105,105
31.948340570328185,34.75113133307848,85,85
31.948340570328185,34.75113133307848,90,85
31.948340570328185,34.75113133307848,95,95
31.948340570328185,34.75113133307848,100,95
31.948340570328185,34.75113133307848,105,105
31.947726261132807,34.75051683892785,85,85
31.947726261132807,34.75051683892785,95,95
31.947726261132807,34.75051683892785,100,100
31.947726261132807,34.75051683892785,105,105
31.947130716723155,34.74990344625128,85,85
31.947130716723155,34.74990344625128,95,95
31.947130716723155,34.74990344625128,100,95
31.947130716723155,34.74990344625128,105,105
31.94661902775523,34.74937725913052,85,85
31.94661902775523,34.74937725913052,95,100
31.94661902775523,34.74937725913052,100,95
31.94661902775523,34.74937725913052,105,105
31.946114985109432,34.74887376869639,85,85
31.946114985109432,34.74887376869639,90,95
31.946114985109432,34.74887376869639,95,95
31.946114985109432,34.74887376869639,100,105
31.946114985109432,34.74887376869639,105,105
31.945501913169192,34.74824067788085,85,85
31.945501913169192,34.74824067788085,90,90
31.945501913169192,34.74824067788085,95,95
31.945501913169192,34.74824067788085,105,100
31.94478174902462,34.7474821350459,80,85
31.94478174902462,34.7474821350459,85,85
31.94478174902462,34.7474821350459,90,90
31.94478174902462,34.7474821350459,95,100
31.94478174902462,34.7474821350459,100,95
31.94478174902462,34.7474821350459,105,105
31.94395134975057,34.74665135189939,85,80
31.94395134975057,34.74665135189939,90,85
31.94395134975057,34.74665135189939,95,95
31.94395134975057,34.74665135189939,100,100
31.94395134975057,34.74665135189939,105,105
31.943109102161866,34.74580973266697,80,85
31.943109102161866,34.74580973266697,85,85
31.943109102161866,34.74580973266697,90,95
31.943109102161866,34.74580973266697,95,100
31.943109102161866,34.74580973266697,100,95
31.943109102161866,34.74580973266697,105,100
31.943109102161866,34.74580973266697,110,110
31.942359602175276,34.745142116096616,80,75
31.942359602175276,34.745142116096616,85,85
31.942359602175276,34.745142116096616,95,95
31.942359602175276,34.745142116096616,100,105
31.942359602175276,34.745142116096616,110,110
31.94166620620307,34.74457977078358,75,75
31.94166620620307,34.74457977078358,85,90
31.94166620620307,34.74457977078358,95,95
31.94166620620307,34.74457977078358,100,100
31.94166620620307,34.74457977078358,105,105
31.94166620620307,34.74457977078358,110,110
31.940977915384465,34.744088399097755,75,80
31.940977915384465,34.744088399097755,85,80
31.940977915384465,34.744088399097755,90,90
31.940977915384465,34.744088399097755,95,100
31.940977915384465,34.744088399097755,100,100
31.940977915384465,34.744088399097755,105,100
31.940977915384465,34.744088399097755,110,110
31.940318348732053,34.7436416884553,80,80
31.940318348732053,34.7436416884553,90,90
31.940318348732053,34.7436416884553,100,105
31.940318348732053,34.7436416884553,110,105
31.939684735004693,34.74325699460769,80,80
31.939684735004693,34.74325699460769,90,95
31.939684735004693,34.74325699460769,95,95
31.939684735004693,34.74325699460769,100,100
31.939684735004693,34.74325699460769,105,105
31.939684735004693,34.74325699460769,110,110
31.939055592923225,34.742916272323534,80,75
31.939055592923225,34.742916272323534,95,90
31.939055592923225,34.742916272323534,100,100
31.939055592923225,34.742916272323534,105,105
31.939055592923225,34.742916272323534,110,110
31.93828770140527,34.742537500567884,75,75
31.93828770140527,34.742537500567884,80,80
31.93828770140527,34.742537500567884,90,90
31.93828770140527,34.742537500567884,95,95
31.93828770140527,34.742537500567884,100,100
31.93828770140527,34.742537500567884,105,105
31.93828770140527,34.742537500567884,110,110
31.937406970591276,34.74216814773467,75,75
31.937406970591276,34.74216814773467,80,80
31.937406970591276,34.74216814773467,90,90
31.937406970591276,34.74216814773467,95,95
31.937406970591276,34.74216814773467,100,95
31.937406970591276,34.74216814773467,105,100
31.937406970591276,34.74216814773467,110,110
31.93644287987012,34.74185472850073,75,80
31.93644287987012,34.74185472850073,80,80
31.93644287987012,34.74185472850073,90,90
31.93644287987012,34.74185472850073,95,95
31.93644287987012,34.74185472850073,100,100
31.93644287987012,34.74185472850073,105,105
31.93644287987012,34.74185472850073,110,105
31.935448858077987,34.741597661158934,80,85
31.935448858077987,34.741597661158934,90,90
31.935448858077987,34.741597661158934,95,90
31.935448858077987,34.741597661158934,100,100
31.935448858077987,34.741597661158934,105,100
31.93453264488929,34.74142260372182,80,85
31.93453264488929,34.74142260372182,85,80
31.93453264488929,34.74142260372182,90,95
31.93453264488929,34.74142260372182,95,95
31.93453264488929,34.74142260372182,100,95
31.93453264488929,34.74142260372182,105,105
31.93364733425349,34.741295600878594,80,80
31.93364733425349,34.741295600878594,85,90
31.93364733425349,34.741295600878594,90,90
31.93364733425349,34.741295600878594,95,95
31.93364733425349,34.741295600878594,105,105
31.932704235255855,34.74117086357204,80,80
31.932704235255855,34.74117086357204,90,90
31.932704235255855,34.74117086357204,95,90
31.932704235255855,34.74117086357204,100,100
31.932704235255855,34.74117086357204,105,110
31.93171426354479,34.74104404913993,80,80
31.93171426354479,34.74104404913993,90,90
31.93171426354479,34.74104404913993,95,100
31.93171426354479,34.74104404913993,100,100
31.93171426354479,34.74104404913993,110,110
31.93074425861461,34.74091540091242,80,85
31.93074425861461,34.74091540091242,90,95
31.93074425861461,34.74091540091242,95,100
31.93074425861461,34.74091540091242,100,100
31.93074425861461,34.74091540091242,110,105
31.929885398087304,34.74081213717953,85,90
31.929885398087304,34.74081213717953,90,90
31.929885398087304,34.74081213717953,95,100
31.929885398087304,34.74081213717953,100,100
31.929885398087304,34.74081213717953,105,105
31.929026672009304,34.74070513880259,90,90
31.929026672009304,34.74070513880259,95,95
31.929026672009304,34.74070513880259,100,95
31.929026672009304,34.74070513880259,105,105
31.9280569045281,34.74058648903782,90,95
31.9280569045281,34.74058648903782,95,90
31.9280569045281,34.74058648903782,100,95
31.9280569045281,34.74058648903782,105,110
31.927096140458325,34.740462782301734,90,90
31.927096140458325,34.740462782301734,95,90
31.927096140458325,34.740462782301734,100,100
31.927096140458325,34.740462782301734,105,100
31.927096140458325,34.740462782301734,110,110
31.92625545973437,34.740360085831306,80,75
31.92625545973437,34.740360085831306,90,85
31.92625545973437,34.740360085831306,95,95
31.92625545973437,34.740360085831306,100,100
31.92625545973437,34.740360085831306,110,105
31.92538942343101,34.740254465320625,75,80
31.92538942343101,34.740254465320625,85,80
31.92538942343101,34.740254465320625,90,95
31.92538942343101,34.740254465320625,95,95
31.92538942343101,34.740254465320625,100,95
31.92538942343101,34.740254465320625,105,95
31.924419901863907,34.74013592874035,80,85
31.924419901863907,34.74013592874035,90,90
31.924419901863907,34.74013592874035,95,85
31.924419901863907,34.74013592874035,100,100
31.923443969713695,34.740019311241994,80,85
31.923443969713695,34.740019311241994,85,90
31.923443969713695,34.740019311241994,90,90
31.923443969713695,34.740019311241994,95,100
31.923443969713695,34.740019311241994,100,95
31.922485621319733,34.73990624656874,85,85
31.922485621319733,34.73990624656874,90,90
31.922485621319733,34.73990624656874,95,95
31.922485621319733,34.73990624656874,100,100
31.921613376362068,34.739798830926,85,90
31.921613376362068,34.739798830926,90,90
31.921613376362068,34.739798830926,95,95
31.921613376362068,34.739798830926,100,105
31.92075406841611,34.739691846915925,90,85
31.92075406841611,34.739691846915925,95,95
31.92075406841611,34.739691846915925,105,105
31.91982694250938,34.73957676481445,85,80
31.91982694250938,34.73957676481445,90,95
31.91982694250938,34.73957676481445,95,95
31.91982694250938,34.73957676481445,100,100
31.91982694250938,34.73957676481445,105,110
31.91892442962922,34.73946284493267,80,85
31.91892442962922,34.73946284493267,85,85
31.91892442962922,34.73946284493267,95,95
31.91892442962922,34.73946284493267,100,100
31.91892442962922,34.73946284493267,110,110
31.918044780454156,34.73935288245009,85,90
31.918044780454156,34.73935288245009,95,95
31.918044780454156,34.73935288245009,100,100
31.918044780454156,34.73935288245009,110,105
31.91713868516091,34.73924361457952,80,80
31.91713868516091,34.73924361457952,90,90
31.91713868516091,34.73924361457952,95,90
31.91713868516091,34.73924361457952,100,95
31.91713868516091,34.73924361457952,105,105
31.916291661127982,34.73913334684245,80,75
31.916291661127982,34.73913334684245,90,95
31.916291661127982,34.73913334684245,95,95
31.916291661127982,34.73913334684245,100,100
31.916291661127982,34.73913334684245,105,105
31.915496644282864,34.739033469625696,75,75
31.915496644282864,34.739033469625696,90,85
31.915496644282864,34.739033469625696,95,95
31.915496644282864,34.739033469625696,100,100
31.915496644282864,34.739033469625696,105,100
31.91466645512957,34.738941388553954,75,80
31.91466645512957,34.738941388553954,85,85
31.91466645512957,34.738941388553954,95,100
31.91466645512957,34.738941388553954,100,100
31.91466645512957,34.738941388553954,105,105
31.913723318205637,34.73881771466164,80,80
31.913723318205637,34.73881771466164,85,85
31.913723318205637,34.73881771466164,95,95
31.913723318205637,34.73881771466164,100,100
31.913723318205637,34.73881771466164,105,110
31.91276595461927,34.73870062307438,80,80
31.91276595461927,34.73870062307438,85,85
31.91276595461927,34.73870062307438,95,95
31.91276595461927,34.73870062307438,100,100
31.91276595461927,34.73870062307438,105,105
31.91276595461927,34.73870062307438,110,110
31.911829713918177,34.73858516746051,80,80
31.911829713918177,34.73858516746051,85,90
31.911829713918177,34.73858516746051,95,95
31.911829713918177,34.73858516746051,100,100
31.911829713918177,34.73858516746051,105,105
31.911829713918177,34.73858516746051,110,110
31.91094030211511,34.73847261093455,80,80
31.91094030211511,34.73847261093455,90,90
31.91094030211511,34.73847261093455,95,95
31.91094030211511,34.73847261093455,100,100
31.91094030211511,34.73847261093455,105,105
31.91094030211511,34.73847261093455,110,105
31.910105416858055,34.73837342040493,80,80
31.910105416858055,34.73837342040493,90,90
31.910105416858055,34.73837342040493,95,95
31.910105416858055,34.73837342040493,100,100
31.910105416858055,34.73837342040493,105,105
31.910105416858055,34.73837342040493,110,110
31.909274988873985,34.73826221344408,80,85
31.909274988873985,34.73826221344408,90,90
31.909274988873985,34.73826221344408,95,100
31.909274988873985,34.73826221344408,100,100
31.909274988873985,34.73826221344408,105,105
31.909274988873985,34.73826221344408,110,110
31.908442433918555,34.73812548451735,85,85
31.908442433918555,34.73812548451735,90,95
31.908442433918555,34.73812548451735,95,95
31.908442433918555,34.73812548451735,100,100
31.908442433918555,34.73812548451735,105,105
31.908442433918555,34.73812548451735,110,105
31.907489271839918,34.73789363199947,85,80
31.907489271839918,34.73789363199947,95,95
31.907489271839918,34.73789363199947,100,100
31.907489271839918,34.73789363199947,105,100
31.907489271839918,34.73789363199947,110,105
31.90644178643175,34.737577609018686,80,85
31.90644178643175,34.737577609018686,95,95
31.90644178643175,34.737577609018686,100,95
31.90644178643175,34.737577609018686,105,105
31.90644178643175,34.737577609018686,110,110
31.905409053871026,34.737193014254814,85,85
31.905409053871026,34.737193014254814,95,95
31.905409053871026,34.737193014254814,100,100
31.905409053871026,34.737193014254814,105,105
31.905409053871026,34.737193014254814,110,110
31.904482053059358,34.73677776930521,85,90
31.904482053059358,34.73677776930521,95,95
31.904482053059358,34.73677776930521,100,100
31.904482053059358,34.73677776930521,105,110
31.904482053059358,34.73677776930521,110,110
31.903618319796628,34.736351972742256,85,85
31.903618319796628,34.736351972742256,90,90
31.903618319796628,34.736351972742256,95,95
31.903618319796628,34.736351972742256,100,100
31.903618319796628,34.736351972742256,105,105
31.903618319796628,34.736351972742256,110,110
31.90273274061058,34.73592670124474,85,80
31.90273274061058,34.73592670124474,90,95
31.90273274061058,34.73592670124474,95,95
31.90273274061058,34.73592670124474,100,100
31.90273274061058,34.73592670124474,105,105
31.90273274061058,34.73592670124474,110,105
31.90186040032867,34.7355084691858,80,80
31.90186040032867,34.7355084691858,95,95
31.90186040032867,34.7355084691858,100,105
31.90186040032867,34.7355084691858,105,110
31.90186040032867,34.7355084691858,110,110
31.90099729452933,34.73509202432872,80,80
31.90099729452933,34.73509202432872,95,95
31.90099729452933,34.73509202432872,100,100
31.90099729452933,34.73509202432872,105,105
31.90099729452933,34.73509202432872,110,110
31.900205599157776,34.73471945503365,80,85
31.900205599157776,34.73471945503365,95,95
31.900205599157776,34.73471945503365,100,100
31.900205599157776,34.73471945503365,105,105
31.900205599157776,34.73471945503365,110,105
31.899388172091445,34.734329182512084,85,90
31.899388172091445,34.734329182512084,95,95
31.899388172091445,34.734329182512084,100,105
31.899388172091445,34.734329182512084,105,105
31.899388172091445,34.734329182512084,110,110
31.89852259281832,34.733911248257165,90,90
31.89852259281832,34.733911248257165,95,95
31.89852259281832,34.733911248257165,100,100
31.89852259281832,34.733911248257165,105,105
31.89852259281832,34.733911248257165,110,115
31.89852259281832,34.733911248257165,115,115
31.897516152287178,34.73343421514344,90,95
31.897516152287178,34.73343421514344,95,95
31.897516152287178,34.73343421514344,100,105
31.897516152287178,34.73343421514344,105,105
31.897516152287178,34.73343421514344,110,115
31.897516152287178,34.73343421514344,115,120
31.896376860877197,34.732880283984244,95,95
31.896376860877197,34.732880283984244,100,100
31.896376860877197,34.732880283984244,105,105
31.896376860877197,34.732880283984244,115,115
31.896376860877197,34.732880283984244,120,120
31.895294818654115,34.732355740989235,85,85
31.895294818654115,34.732355740989235,95,95
31.895294818654115,34.732355740989235,100,100
31.895294818654115,34.732355740989235,105,110
31.895294818654115,34.732355740989235,115,120
31.895294818654115,34.732355740989235,120,120
31.894351820449348,34.7319009451809,85,90
31.894351820449348,34.7319009451809,95,95
31.894351820449348,34.7319009451809,100,100
31.894351820449348,34.7319009451809,105,105
31.894351820449348,34.7319009451809,110,110
31.894351820449348,34.7319009451809,120,120
31.893413142641638,34.731448167965134,90,85
31.893413142641638,34.731448167965134,95,95
31.893413142641638,34.731448167965134,100,100
31.893413142641638,34.731448167965134,105,100
31.893413142641638,34.731448167965134,110,105
31.893413142641638,34.731448167965134,120,120
31.89240869912427,34.730960931371186,85,85
31.89240869912427,34.730960931371186,95,95
31.89240869912427,34.730960931371186,100,100
31.89240869912427,34.730960931371186,105,105
31.89240869912427,34.730960931371186,110,110
31.89240869912427,34.730960931371186,120,125
31.891381156035454,34.730460559295786,85,85
31.891381156035454,34.730460559295786,95,95
31.891381156035454,34.730460559295786,100,100
31.891381156035454,34.730460559295786,105,105
31.891381156035454,34.730460559295786,110,110
31.891381156035454,34.730460559295786,120,120
31.891381156035454,34.730460559295786,125,125
31.890464645707308,34.7300144243554,85,85
31.890464645707308,34.7300144243554,95,95
31.890464645707308,34.7300144243554,100,100
31.890464645707308,34.7300144243554,105,105
31.890464645707308,34.7300144243554,110,110
31.890464645707308,34.7300144243554,120,120
31.890464645707308,34.7300144243554,125,125
31.889642327280004,34.729574644557914,85,85
31.889642327280004,34.729574644557914,95,95
31.889642327280004,34.729574644557914,100,100
31.889642327280004,34.729574644557914,105,105
31.889642327280004,34.729574644557914,110,110
31.889642327280004,34.729574644557914,120,120
31.889642327280004,34.729574644557914,125,120
31.888783845545138,34.7290720913132,85,85
31.888783845545138,34.7290720913132,95,95
31.888783845545138,34.7290720913132,100,105
31.888783845545138,34.7290720913132,105,110
31.888783845545138,34.7290720913132,110,110
31.888783845545138,34.7290720913132,120,120
31.88794953989646,34.72856744347768,85,90
31.88794953989646,34.72856744347768,95,95
31.88794953989646,34.72856744347768,100,100
31.88794953989646,34.72856744347768,105,105
31.88794953989646,34.72856744347768,110,105
31.88794953989646,34.72856744347768,120,120
31.887123933950082,34.728029931439444,90,90
31.887123933950082,34.728029931439444,95,95
31.887123933950082,34.728029931439444,100,100
31.887123933950082,34.728029931439444,105,105
31.887123933950082,34.728029931439444,110,110
31.887123933950082,34.728029931439444,120,120
31.8862013738782,34.727396769037234,90,90
31.8862013738782,34.727396769037234,95,95
31.8862013738782,34.727396769037234,100,100
31.8862013738782,34.727396769037234,105,105
31.8862013738782,34.727396769037234,110,110
31.8862013738782,34.727396769037234,120,115
31.88525831591831,34.72674808960399,90,90
31.88525831591831,34.72674808960399,95,95
31.88525831591831,34.72674808960399,100,100
31.88525831591831,34.72674808960399,105,105
31.88525831591831,34.72674808960399,110,110
31.88525831591831,34.72674808960399,115,105
31.88525831591831,34.72674808960399,120,120
31.884313848622067,34.72610218289864,90,90
31.884313848622067,34.72610218289864,95,95
31.884313848622067,34.72610218289864,100,100
31.884313848622067,34.72610218289864,105,100
31.884313848622067,34.72610218289864,110,110
31.884313848622067,34.72610218289864,120,120
31.883409074059088,34.725487524314204,90,90
31.883409074059088,34.725487524314204,95,95
31.883409074059088,34.725487524314204,100,100
31.883409074059088,34.725487524314204,110,110
31.883409074059088,34.725487524314204,120,115
31.882536548092105,34.72489296588654,90,90
31.882536548092105,34.72489296588654,95,95
31.882536548092105,34.72489296588654,100,100
31.882536548092105,34.72489296588654,110,110
31.882536548092105,34.72489296588654,115,115
31.882536548092105,34.72489296588654,120,120
31.88168979045586,34.724305658384154,90,90
31.88168979045586,34.724305658384154,95,95
31.88168979045586,34.724305658384154,100,100
31.88168979045586,34.724305658384154,105,105
31.88168979045586,34.724305658384154,110,110
31.88168979045586,34.724305658384154,115,115
31.88168979045586,34.724305658384154,120,115
31.880864272449518,34.723741457082646,90,85
31.880864272449518,34.723741457082646,95,95
31.880864272449518,34.723741457082646,100,95
31.880864272449518,34.723741457082646,105,105
31.880864272449518,34.723741457082646,110,110
31.880864272449518,34.723741457082646,115,115
31.879968002888436,34.72312679890634,85,90
31.879968002888436,34.72312679890634,95,100
31.879968002888436,34.72312679890634,100,100
31.879968002888436,34.72312679890634,105,110
31.879968002888436,34.72312679890634,110,110
31.879968002888436,34.72312679890634,115,115
31.879017350380103,34.72247280287896,90,90
31.879017350380103,34.72247280287896,95,95
31.879017350380103,34.72247280287896,100,100
31.879017350380103,34.72247280287896,110,110
31.879017350380103,34.72247280287896,115,115
31.87815422328026,34.72188647578547,90,90
31.87815422328026,34.72188647578547,95,100
31.87815422328026,34.72188647578547,100,100
31.87815422328026,34.72188647578547,110,110
31.87815422328026,34.72188647578547,115,110
31.8773734837112,34.72135398744738,90,95
31.8773734837112,34.72135398744738,100,105
31.8773734837112,34.72135398744738,110,110
31.8773734837112,34.72135398744738,115,115
31.876535258877272,34.72078457941079,95,100
31.876535258877272,34.72078457941079,100,100
31.876535258877272,34.72078457941079,105,110
31.876535258877272,34.72078457941079,110,110
31.876535258877272,34.72078457941079,115,115
31.875591499821518,34.72013105084194,100,100
31.875591499821518,34.72013105084194,105,110
31.875591499821518,34.72013105084194,110,110
31.875591499821518,34.72013105084194,115,115
31.874618747639133,34.719460194373895,100,100
31.874618747639133,34.719460194373895,105,105
31.874618747639133,34.719460194373895,110,110
31.874618747639133,34.719460194373895,115,115
31.873811448557937,34.7189128413315,100,100
31.873811448557937,34.7189128413315,105,105
31.873811448557937,34.7189128413315,110,105
31.873811448557937,34.7189128413315,115,115
31.872997392865315,34.71836354161436,100,100
31.872997392865315,34.71836354161436,105,110
31.872997392865315,34.71836354161436,110,105
31.872997392865315,34.71836354161436,115,115
31.87207317460124,34.71778568885374,100,100
31.87207317460124,34.71778568885374,105,110
31.87207317460124,34.71778568885374,110,115
31.87207317460124,34.71778568885374,115,115
31.87115076832216,34.717266475887826,100,105
31.87115076832216,34.717266475887826,110,110
31.87115076832216,34.717266475887826,115,115
31.870214939289568,34.71678945707801,100,100
31.870214939289568,34.71678945707801,105,100
31.870214939289568,34.71678945707801,110,110
31.870214939289568,34.71678945707801,115,115
31.86917902351725,34.716324608217086,100,100
31.86917902351725,34.716324608217086,105,110
31.86917902351725,34.716324608217086,110,115
31.86917902351725,34.716324608217086,115,115
31.868148274518955,34.715884903061855,95,95
31.868148274518955,34.715884903061855,100,105
31.868148274518955,34.715884903061855,105,105
31.868148274518955,34.715884903061855,110,105
31.868148274518955,34.715884903061855,115,115
31.867228712116418,34.715493205482716,95,90
31.867228712116418,34.715493205482716,100,100
31.867228712116418,34.715493205482716,105,100
31.867228712116418,34.715493205482716,110,105
31.867228712116418,34.715493205482716,115,110
31.866329130420645,34.71512127900604,90,95
31.866329130420645,34.71512127900604,100,100
31.866329130420645,34.71512127900604,105,105
31.866329130420645,34.71512127900604,110,110
31.866329130420645,34.71512127900604,115,110
31.865277592079554,34.71468041348673,95,90
31.865277592079554,34.71468041348673,100,100
31.865277592079554,34.71468041348673,105,100
31.865277592079554,34.71468041348673,110,100
31.86408482668379,34.71417968855619,90,75
31.86408482668379,34.71417968855619,95,95
31.86408482668379,34.71417968855619,100,100
31.86408482668379,34.71417968855619,105,105
31.86408482668379,34.71417968855619,115,115
31.86292331312181,34.71369360265641,75,75
31.86292331312181,34.71369360265641,95,90
31.86292331312181,34.71369360265641,100,100
31.86292331312181,34.71369360265641,105,105
31.86292331312181,34.71369360265641,110,110
31.86292331312181,34.71369360265641,115,115
31.861929364952264,34.71328349937386,75,80
31.861929364952264,34.71328349937386,90,90
31.861929364952264,34.71328349937386,95,95
31.861929364952264,34.71328349937386,100,100
31.861929364952264,34.71328349937386,105,105
31.861929364952264,34.71328349937386,110,110
31.861929364952264,34.71328349937386,115,115
31.861029647917455,34.712898172031345,80,80
31.861029647917455,34.712898172031345,90,85
31.861029647917455,34.712898172031345,95,95
31.861029647917455,34.712898172031345,100,100
31.861029647917455,34.712898172031345,105,105
31.861029647917455,34.712898172031345,110,110
31.861029647917455,34.712898172031345,115,115
31.86014600100799,34.71252109174344,80,80
31.86014600100799,34.71252109174344,85,85
31.86014600100799,34.71252109174344,95,90
31.86014600100799,34.71252109174344,100,100
31.86014600100799,34.71252109174344,105,105
31.86014600100799,34.71252109174344,110,105
31.86014600100799,34.71252109174344,115,110
31.85920352837615,34.712133778024,80,75
31.85920352837615,34.712133778024,85,80
31.85920352837615,34.712133778024,90,90
31.85920352837615,34.712133778024,100,100
31.85920352837615,34.712133778024,105,100
31.85920352837615,34.712133778024,110,115
31.858188907987845,34.71173547951548,75,75
31.858188907987845,34.71173547951548,80,80
31.858188907987845,34.71173547951548,90,90
31.858188907987845,34.71173547951548,100,100
31.858188907987845,34.71173547951548,115,105
31.857209520401522,34.711362900449586,75,80
31.857209520401522,34.711362900449586,80,85
31.857209520401522,34.711362900449586,85,85
31.857209520401522,34.711362900449586,90,90
31.857209520401522,34.711362900449586,95,95
31.857209520401522,34.711362900449586,100,95
31.857209520401522,34.711362900449586,105,95
31.856258488935783,34.711070091550525,80,80
31.856258488935783,34.711070091550525,85,85
31.856258488935783,34.711070091550525,90,90
31.856258488935783,34.711070091550525,95,90
31.855362527549886,34.71083112946009,80,80
31.855362527549886,34.71083112946009,85,80
31.855362527549886,34.71083112946009,90,85
31.855362527549886,34.71083112946009,95,95
31.855362527549886,34.71083112946009,100,85
31.854558678533785,34.71063405132486,80,80
31.854558678533785,34.71063405132486,85,85
31.854558678533785,34.71063405132486,95,90
31.854558678533785,34.71063405132486,100,95
31.853783880931584,34.710446109017134,70,65
31.853783880931584,34.710446109017134,80,75
31.853783880931584,34.710446109017134,85,80
31.853783880931584,34.710446109017134,90,85
31.853783880931584,34.710446109017134,95,85
31.853061321870793,34.710089693996686,65,70
31.853061321870793,34.710089693996686,75,75
31.853061321870793,34.710089693996686,80,75
31.853061321870793,34.710089693996686,85,80
31.85238609984307,34.70961756571362,70,70
31.85238609984307,34.70961756571362,75,70
31.85238609984307,34.70961756571362,80,85
31.851592648938773,34.70941250833583,70,80
31.851592648938773,34.70941250833583,75,75
31.851592648938773,34.70941250833583,80,80
31.851592648938773,34.70941250833583,85,85
31.85072717254526,34.70957683003253,75,85
31.85072717254526,34.70957683003253,80,85
31.85072717254526,34.70957683003253,85,85
31.849834915816714,34.709865237608675,75,85
31.849834915816714,34.709865237608675,80,80
31.849834915816714,34.709865237608675,85,90
31.84898712927721,34.71008121396228,75,75
31.84898712927721,34.71008121396228,80,80
31.84898712927721,34.71008121396228,85,85
31.84898712927721,34.71008121396228,90,90
31.848191694358768,34.71012167187024,75,85
31.848191694358768,34.71012167187024,80,85
31.848191694358768,34.71012167187024,85,85
31.848191694358768,34.71012167187024,90,90
31.848191694358768,34.71012167187024,95,95
31.847271829606168,34.71007998202662,85,90
31.847271829606168,34.71007998202662,90,90
31.847271829606168,34.71007998202662,95,95
31.846193322776926,34.71009284292455,80,80
31.846193322776926,34.71009284292455,85,90
31.846193322776926,34.71009284292455,90,90
31.846193322776926,34.71009284292455,95,95
31.845039728377515,34.71015911994055,75,80
31.845039728377515,34.71015911994055,80,80
31.845039728377515,34.71015911994055,85,85
31.845039728377515,34.71015911994055,90,90
31.845039728377515,34.71015911994055,95,90
31.84395889438939,34.71017865405603,75,80
31.84395889438939,34.71017865405603,80,80
31.84395889438939,34.71017865405603,85,90
31.84395889438939,34.71017865405603,90,90
31.84395889438939,34.71017865405603,95,95
31.84299088276045,34.71012952847125,80,85
31.84299088276045,34.71012952847125,85,85
31.84299088276045,34.71012952847125,90,95
31.84299088276045,34.71012952847125,95,95
31.842147940471122,34.71007326622561,85,80
31.842147940471122,34.71007326622561,90,90
31.842147940471122,34.71007326622561,95,90
31.84132565581173,34.71001146732023,80,85
31.84132565581173,34.71001146732023,85,85
31.84132565581173,34.71001146732023,90,90
31.84132565581173,34.71001146732023,95,95
31.84042808585172,34.70995026056418,85,90
31.84042808585172,34.70995026056418,90,90
31.84042808585172,34.70995026056418,95,100
31.839518003058686,34.7098949051729,80,85
31.839518003058686,34.7098949051729,85,75
31.839518003058686,34.7098949051729,90,95
31.839518003058686,34.7098949051729,95,95
31.839518003058686,34.7098949051729,100,100
31.838572029059943,34.70979708927249,75,80
31.838572029059943,34.70979708927249,85,90
31.838572029059943,34.70979708927249,90,95
31.838572029059943,34.70979708927249,95,100
31.838572029059943,34.70979708927249,100,105
31.838572029059943,34.70979708927249,105,110
31.83758095336786,34.70959089781905,80,90
31.83758095336786,34.70959089781905,90,100
31.83758095336786,34.70959089781905,95,95
31.83758095336786,34.70959089781905,100,105
31.83758095336786,34.70959089781905,105,105
31.83758095336786,34.70959089781905,110,110
31.836665253430912,34.709303570591366,90,95
31.836665253430912,34.709303570591366,95,100
31.836665253430912,34.709303570591366,100,100
31.836665253430912,34.709303570591366,105,110
31.836665253430912,34.709303570591366,110,110
31.83584292390016,34.70896308330956,95,95
31.83584292390016,34.70896308330956,100,100
31.83584292390016,34.70896308330956,105,105
31.83584292390016,34.70896308330956,110,110
31.834987097854217,34.70849026942277,95,100
31.834987097854217,34.70849026942277,100,100
31.834987097854217,34.70849026942277,105,105
31.834987097854217,34.70849026942277,110,110
31.834153440925594,34.707915644840476,95,95
31.834153440925594,34.707915644840476,100,105
31.834153440925594,34.707915644840476,105,105
31.834153440925594,34.707915644840476,110,110
31.833440166279118,34.70732668578083,95,95
31.833440166279118,34.70732668578083,100,100
31.833440166279118,34.70732668578083,105,105
31.833440166279118,34.70732668578083,110,105
31.832764945884577,34.7066654625744,95,90
31.832764945884577,34.7066654625744,100,100
31.832764945884577,34.7066654625744,105,100
31.832764945884577,34.7066654625744,110,105
31.832160200303335,34.70597765738633,90,90
31.832160200303335,34.70597765738633,95,95
31.832160200303335,34.70597765738633,100,95
31.832160200303335,34.70597765738633,105,100
31.83163191202152,34.705293888425075,90,90
31.83163191202152,34.705293888425075,95,95
31.83163191202152,34.705293888425075,100,100
31.83163191202152,34.705293888425075,105,105
31.83112179360223,34.70461880688288,90,90
31.83112179360223,34.70461880688288,95,90
31.83112179360223,34.70461880688288,100,100
31.83112179360223,34.70461880688288,105,105
31.83059970577424,34.703940261545675,90,90
31.83059970577424,34.703940261545675,95,100
31.83059970577424,34.703940261545675,100,100
31.83059970577424,34.703940261545675,105,105
31.829988258258815,34.70313803877072,90,90
31.829988258258815,34.70313803877072,95,100
31.829988258258815,34.70313803877072,100,100
31.829988258258815,34.70313803877072,105,110
31.82927292771288,34.70220934467232,90,90
31.82927292771288,34.70220934467232,95,90
31.82927292771288,34.70220934467232,100,100
31.82927292771288,34.70220934467232,105,105
31.82927292771288,34.70220934467232,110,100
31.82853135019682,34.701264948958126,90,90
31.82853135019682,34.701264948958126,100,105
31.82853135019682,34.701264948958126,105,105
31.827799295255588,34.70045281914747,90,90
31.827799295255588,34.70045281914747,95,100
31.827799295255588,34.70045281914747,100,105
31.827799295255588,34.70045281914747,105,105
31.82704189498975,34.69981398961129,90,90
31.82704189498975,34.69981398961129,100,100
31.82704189498975,34.69981398961129,105,100
31.82704189498975,34.69981398961129,110,105
31.826182650976257,34.699265293882455,90,90
31.826182650976257,34.699265293882455,95,90
31.826182650976257,34.699265293882455,100,95
31.826182650976257,34.699265293882455,105,100
31.825163397655633,34.69883422576597,90,95
31.825163397655633,34.69883422576597,95,100
31.825163397655633,34.69883422576597,100,105
31.825163397655633,34.69883422576597,110,110
31.82413899229085,34.69859067290969,90,90
31.82413899229085,34.69859067290969,95,100
31.82413899229085,34.69859067290969,100,105
31.82413899229085,34.69859067290969,105,105
31.82413899229085,34.69859067290969,110,110
31.823186021849146,34.69851898394793,90,95
31.823186021849146,34.69851898394793,95,95
31.823186021849146,34.69851898394793,100,100
31.823186021849146,34.69851898394793,105,110
31.823186021849146,34.69851898394793,110,115
31.822274293466194,34.69851342387994,95,100
31.822274293466194,34.69851342387994,100,105
31.822274293466194,34.69851342387994,105,110
31.822274293466194,34.69851342387994,110,110
31.822274293466194,34.69851342387994,115,115
31.821437072744015,34.69853005443875,95,95
31.821437072744015,34.69853005443875,100,100
31.821437072744015,34.69853005443875,105,105
31.821437072744015,34.69853005443875,110,105
31.821437072744015,34.69853005443875,115,115
31.820704242449047,34.69854506206242,95,95
31.820704242449047,34.69854506206242,100,100
31.820704242449047,34.69854506206242,105,105
31.820704242449047,34.69854506206242,110,105
31.820704242449047,34.69854506206242,115,115
31.819984571392236,34.698565199367145,95,95
31.819984571392236,34.698565199367145,100,100
31.819984571392236,34.698565199367145,105,105
31.819984571392236,34.698565199367145,115,110
31.819230297494336,34.69858135603159,90,80
31.819230297494336,34.69858135603159,95,90
31.819230297494336,34.69858135603159,100,100
31.819230297494336,34.69858135603159,105,105
31.819230297494336,34.69858135603159,110,110
31.818468609544848,34.69859568831454,80,80
31.818468609544848,34.69859568831454,90,90
31.818468609544848,34.69859568831454,100,100
31.818468609544848,34.69859568831454,105,100
31.818468609544848,34.69859568831454,110,110
31.817582098407517,34.69861666450097,80,80
31.817582098407517,34.69861666450097,90,90
31.817582098407517,34.69861666450097,95,90
31.817582098407517,34.69861666450097,100,95
31.817582098407517,34.69861666450097,105,105
31.817582098407517,34.69861666450097,110,110
31.816586170879265,34.69863157565814,80,80
31.816586170879265,34.69863157565814,90,95
31.816586170879265,34.69863157565814,95,95
31.816586170879265,34.69863157565814,100,100
31.816586170879265,34.69863157565814,105,105
31.816586170879265,34.69863157565814,110,110
31.815578018003713,34.69862515641344,45,15
31.815578018003713,34.69862515641344,80,80
31.815578018003713,34.69862515641344,85,90
31.815578018003713,34.69862515641344,90,90
31.815578018003713,34.69862515641344,95,95
31.815578018003713,34.69862515641344,100,100
31.815578018003713,34.69862515641344,105,105
31.815578018003713,34.69862515641344,110,110
31.814821097683676,34.69860835027021,15,15
31.814821097683676,34.69860835027021,80,85
31.814821097683676,34.69860835027021,90,90
31.814821097683676,34.69860835027021,95,100
31.814821097683676,34.69860835027021,100,100
31.814821097683676,34.69860835027021,105,110
31.814821097683676,34.69860835027021,110,110
31.814041998635663,34.69854125502184,15,25
31.814041998635663,34.69854125502184,85,85
31.814041998635663,34.69854125502184,90,90
31.814041998635663,34.69854125502184,100,100
31.814041998635663,34.69854125502184,110,115
31.81330002497086,34.69838707839866,25,10
31.81330002497086,34.69838707839866,85,90
31.81330002497086,34.69838707839866,90,90
31.81330002497086,34.69838707839866,95,95
31.81330002497086,34.69838707839866,100,100
31.81330002497086,34.69838707839866,110,110
31.81330002497086,34.69838707839866,115,115
31.812596550368575,34.69815580717648,10,15
31.812596550368575,34.69815580717648,90,95
31.812596550368575,34.69815580717648,95,95
31.812596550368575,34.69815580717648,100,100
31.812596550368575,34.69815580717648,105,105
31.812596550368575,34.69815580717648,110,110
31.812596550368575,34.69815580717648,115,110
31.812080622324288,34.697933091002405,15,25
31.812080622324288,34.697933091002405,90,95
31.812080622324288,34.697933091002405,95,95
31.812080622324288,34.697933091002405,100,105
31.812080622324288,34.697933091002405,105,105
31.812080622324288,34.697933091002405,110,110
31.81140026776371,34.6975762935818,25,15
31.81140026776371,34.6975762935818,95,100
31.81140026776371,34.6975762935818,100,100
31.81140026776371,34.6975762935818,105,105
31.81140026776371,34.6975762935818,110,110
31.81140026776371,34.6975762935818,115,115
31.810657588743464,34.697063644979536,15,5
31.810657588743464,34.697063644979536,95,95
31.810657588743464,34.697063644979536,100,105
31.810657588743464,34.697063644979536,105,105
31.810657588743464,34.697063644979536,110,110
31.810657588743464,34.697063644979536,115,120
31.809970705942824,34.69653078671347,5,25
31.809970705942824,34.69653078671347,95,100
31.809970705942824,34.69653078671347,100,105
31.809970705942824,34.69653078671347,105,105
31.809970705942824,34.69653078671347,110,105
31.809970705942824,34.69653078671347,120,120
31.809252713460886,34.6960090152296,25,15
31.809252713460886,34.6960090152296,100,100
31.809252713460886,34.6960090152296,105,105
31.809252713460886,34.6960090152296,110,110
31.809252713460886,34.6960090152296,120,120
31.80851827889404,34.69544842472358,15,5
31.80851827889404,34.69544842472358,100,95
31.80851827889404,34.69544842472358,105,105
31.80851827889404,34.69544842472358,110,110
31.80851827889404,34.69544842472358,120,120
31.807861165204184,34.694930152229915,5,10
31.807861165204184,34.694930152229915,95,95
31.807861165204184,34.694930152229915,100,100
31.807861165204184,34.694930152229915,105,105
31.807861165204184,34.694930152229915,110,110
31.807861165204184,34.694930152229915,120,115
31.80724360130329,34.69445859800036,10,40
31.80724360130329,34.69445859800036,95,95
31.80724360130329,34.69445859800036,100,90
31.80724360130329,34.69445859800036,105,100
31.80724360130329,34.69445859800036,110,110
31.80724360130329,34.69445859800036,115,110
31.80662426451364,34.694004056207376,40,40
31.80662426451364,34.694004056207376,90,85
31.80662426451364,34.694004056207376,95,95
31.80662426451364,34.694004056207376,100,95
31.80662426451364,34.694004056207376,110,110
31.805991948687232,34.693522338900195,40,5
31.805991948687232,34.693522338900195,85,80
31.805991948687232,34.693522338900195,90,90
31.805991948687232,34.693522338900195,95,90
31.805991948687232,34.693522338900195,110,105
31.805346023399185,34.692984595757316,5,15
31.805346023399185,34.692984595757316,80,80
31.805346023399185,34.692984595757316,90,90
31.805346023399185,34.692984595757316,105,105
31.805346023399185,34.692984595757316,110,105
31.804673126047014,34.69253170861879,15,15
31.804673126047014,34.69253170861879,80,70
31.804673126047014,34.69253170861879,85,75
31.804673126047014,34.69253170861879,90,95
31.804673126047014,34.69253170861879,105,105
31.804673126047014,34.69253170861879,110,110
31.803904459353287,34.691979246145884,15,15
31.803904459353287,34.691979246145884,70,75
31.803904459353287,34.691979246145884,75,50
31.803904459353287,34.691979246145884,95,95
31.803904459353287,34.691979246145884,105,105
31.803904459353287,34.691979246145884,110,110
31.803130021964254,34.69141836867578,15,15
31.803130021964254,34.69141836867578,50,40
31.803130021964254,34.69141836867578,75,70
31.803130021964254,34.69141836867578,95,90
31.803130021964254,34.69141836867578,100,100
31.803130021964254,34.69141836867578,105,105
31.803130021964254,34.69141836867578,110,105
31.802464162632905,34.690938194290105,15,15
31.802464162632905,34.690938194290105,40,25
31.802464162632905,34.690938194290105,70,30
31.802464162632905,34.690938194290105,90,90
31.802464162632905,34.690938194290105,95,95
31.802464162632905,34.690938194290105,100,100
31.802464162632905,34.690938194290105,105,100
31.802464162632905,34.690938194290105,110,110
31.801922595050534,34.690552721117854,15,10
31.801922595050534,34.690552721117854,25,40
31.801922595050534,34.690552721117854,30,30
31.801922595050534,34.690552721117854,90,85
31.801922595050534,34.690552721117854,95,95
31.801922595050534,34.690552721117854,100,85
31.801922595050534,34.690552721117854,105,105
31.801922595050534,34.690552721117854,110,110
31.801426302884227,34.69019715578838,10,30
31.801426302884227,34.69019715578838,30,50
31.801426302884227,34.69019715578838,40,55
31.801426302884227,34.69019715578838,85,85
31.801426302884227,34.69019715578838,95,95
31.801426302884227,34.69019715578838,105,105
31.801426302884227,34.69019715578838,110,110
31.80080073447587,34.68976783965641,30,35
31.80080073447587,34.68976783965641,50,65
31.80080073447587,34.68976783965641,55,65
31.80080073447587,34.68976783965641,70,70
31.80080073447587,34.68976783965641,85,85
31.80080073447587,34.68976783965641,95,95
31.80080073447587,34.68976783965641,105,105
31.80080073447587,34.68976783965641,110,110
31.800148852129983,34.68930482809076,35,20
31.800148852129983,34.68930482809076,65,65
31.800148852129983,34.68930482809076,70,80
31.800148852129983,34.68930482809076,85,90
31.800148852129983,34.68930482809076,95,95
31.800148852129983,34.68930482809076,105,105
31.800148852129983,34.68930482809076,110,105
31.79941979968437,34.68875513513921,20,30
31.79941979968437,34.68875513513921,65,75
31.79941979968437,34.68875513513921,70,65
31.79941979968437,34.68875513513921,80,90
31.79941979968437,34.68875513513921,90,95
31.79941979968437,34.68875513513921,95,100
31.79941979968437,34.68875513513921,105,100
31.79868925329609,34.68819678451177,30,40
31.79868925329609,34.68819678451177,65,45
31.79868925329609,34.68819678451177,75,75
31.79868925329609,34.68819678451177,90,90
31.79868925329609,34.68819678451177,95,95
31.79868925329609,34.68819678451177,100,100
31.79868925329609,34.68819678451177,110,110
31.79803842792052,34.68769333126895,40,25
31.79803842792052,34.68769333126895,45,15
31.79803842792052,34.68769333126895,75,80
31.79803842792052,34.68769333126895,90,90
31.79803842792052,34.68769333126895,95,100
31.79803842792052,34.68769333126895,100,100
31.79803842792052,34.68769333126895,105,100
31.79803842792052,34.68769333126895,110,110
31.797505080808058,34.68727021237639,15,30
31.797505080808058,34.68727021237639,25,30
31.797505080808058,34.68727021237639,80,85
31.797505080808058,34.68727021237639,90,90
31.797505080808058,34.68727021237639,100,100
31.797505080808058,34.68727021237639,105,110
31.797505080808058,34.68727021237639,110,110
31.79701492732468,34.68689217804141,30,45
31.79701492732468,34.68689217804141,85,85
31.79701492732468,34.68689217804141,90,95
31.79701492732468,34.68689217804141,100,95
31.79701492732468,34.68689217804141,110,110
31.79641133750948,34.686401708977726,15,35
31.79641133750948,34.686401708977726,45,40
31.79641133750948,34.686401708977726,85,80
31.79641133750948,34.686401708977726,95,95
31.79641133750948,34.686401708977726,110,115
31.795752294171507,34.68581266203381,35,25
31.795752294171507,34.68581266203381,40,35
31.795752294171507,34.68581266203381,80,75
31.795752294171507,34.68581266203381,90,90
31.795752294171507,34.68581266203381,95,95
31.795752294171507,34.68581266203381,110,110
31.795752294171507,34.68581266203381,115,115
31.795045305976352,34.68501980847924,25,10
31.795045305976352,34.68501980847924,35,50
31.795045305976352,34.68501980847924,75,80
31.795045305976352,34.68501980847924,85,90
31.795045305976352,34.68501980847924,90,95
31.795045305976352,34.68501980847924,95,95
31.795045305976352,34.68501980847924,110,110
31.795045305976352,34.68501980847924,115,110
31.794412568771275,34.68417625282419,10,35
31.794412568771275,34.68417625282419,50,65
31.794412568771275,34.68417625282419,80,80
31.794412568771275,34.68417625282419,90,70
31.794412568771275,34.68417625282419,95,100
31.794412568771275,34.68417625282419,100,95
31.794412568771275,34.68417625282419,110,110
31.793809010699878,34.683369213881655,35,45
31.793809010699878,34.683369213881655,65,75
31.793809010699878,34.683369213881655,70,75
31.793809010699878,34.683369213881655,80,80
31.793809010699878,34.683369213881655,95,95
31.793809010699878,34.683369213881655,100,95
31.793809010699878,34.683369213881655,110,110
31.793252839451608,34.68263127727305,45,60
31.793252839451608,34.68263127727305,75,70
31.793252839451608,34.68263127727305,80,85
31.793252839451608,34.68263127727305,95,90
31.793252839451608,34.68263127727305,100,100
31.793252839451608,34.68263127727305,105,105
31.793252839451608,34.68263127727305,110,105
31.79272507508799,34.68193919860984,60,65
31.79272507508799,34.68193919860984,70,65
31.79272507508799,34.68193919860984,80,80
31.79272507508799,34.68193919860984,85,85
31.79272507508799,34.68193919860984,90,90
31.79272507508799,34.68193919860984,95,95
31.79272507508799,34.68193919860984,100,95
31.79272507508799,34.68193919860984,105,95
31.792200751150116,34.68123916870579,65,60
31.792200751150116,34.68123916870579,80,85
31.792200751150116,34.68123916870579,85,70
31.792200751150116,34.68123916870579,90,90
31.792200751150116,34.68123916870579,95,90
31.792200751150116,34.68123916870579,100,100
31.79166817654849,34.680583931174645,50,30
31.79166817654849,34.680583931174645,60,65
31.79166817654849,34.680583931174645,70,65
31.79166817654849,34.680583931174645,85,90
31.79166817654849,34.680583931174645,90,90
31.79166817654849,34.680583931174645,95,100
31.79166817654849,34.680583931174645,100,95
31.791111702833472,34.68000960945263,30,25
31.791111702833472,34.68000960945263,65,60
31.791111702833472,34.68000960945263,80,75
31.791111702833472,34.68000960945263,90,85
31.791111702833472,34.68000960945263,95,90
31.791111702833472,34.68000960945263,100,100
31.790493847710085,34.67940799485657,25,30
31.790493847710085,34.67940799485657,60,65
31.790493847710085,34.67940799485657,65,65
31.790493847710085,34.67940799485657,75,65
31.790493847710085,34.67940799485657,85,85
31.790493847710085,34.67940799485657,90,90
31.790493847710085,34.67940799485657,100,95
31.78982307119587,34.678766652916465,30,35
31.78982307119587,34.678766652916465,65,65
31.78982307119587,34.678766652916465,85,80
31.78982307119587,34.678766652916465,90,90
31.78982307119587,34.678766652916465,95,90
31.789107020983504,34.67808805890413,35,40
31.789107020983504,34.67808805890413,65,70
31.789107020983504,34.67808805890413,70,65
31.789107020983504,34.67808805890413,80,80
31.789107020983504,34.67808805890413,90,90
31.788422915235273,34.677445409157734,40,40
31.788422915235273,34.677445409157734,65,60
31.788422915235273,34.677445409157734,70,75
31.788422915235273,34.677445409157734,80,75
31.788422915235273,34.677445409157734,90,85
31.78774937476439,34.67682179439787,40,35
31.78774937476439,34.67682179439787,60,65
31.78774937476439,34.67682179439787,65,60
31.78774937476439,34.67682179439787,75,70
31.78774937476439,34.67682179439787,85,85
31.78774937476439,34.67682179439787,90,90
31.787104254948908,34.67623675754163,35,30
31.787104254948908,34.67623675754163,60,65
31.787104254948908,34.67623675754163,65,70
31.787104254948908,34.67623675754163,70,70
31.787104254948908,34.67623675754163,80,80
31.787104254948908,34.67623675754163,85,80
31.787104254948908,34.67623675754163,90,85
31.786498752729603,34.675682340844354,30,50
31.786498752729603,34.675682340844354,65,70
31.786498752729603,34.675682340844354,70,70
31.786498752729603,34.675682340844354,80,80
31.786498752729603,34.675682340844354,85,85
31.78588885584201,34.67512794599421,50,35
31.78588885584201,34.67512794599421,65,60
31.78588885584201,34.67512794599421,70,65
31.78588885584201,34.67512794599421,75,70
31.78588885584201,34.67512794599421,80,65
31.78588885584201,34.67512794599421,85,85
31.785336183664214,34.67455688027201,35,15
31.785336183664214,34.67455688027201,60,10
31.785336183664214,34.67455688027201,65,55
31.785336183664214,34.67455688027201,70,70
31.785336183664214,34.67455688027201,80,70
31.785336183664214,34.67455688027201,85,85
31.78481305618239,34.6739552529177,10,35
31.78481305618239,34.6739552529177,15,20
31.78481305618239,34.6739552529177,35,20
31.78481305618239,34.6739552529177,40,10
31.78481305618239,34.6739552529177,45,40
31.78481305618239,34.6739552529177,55,55
31.78481305618239,34.6739552529177,70,70
31.78481305618239,34.6739552529177,85,85
31.784563980032836,34.67358143697292,10,40
31.784563980032836,34.67358143697292,20,40
31.784563980032836,34.67358143697292,35,45
31.784563980032836,34.67358143697292,40,50
31.784563980032836,34.67358143697292,55,65
31.784563980032836,34.67358143697292,65,70
31.784563980032836,34.67358143697292,70,80
31.784563980032836,34.67358143697292,85,85
31.784204211661148,34.67309306193325,30,15
31.784204211661148,34.67309306193325,40,50
31.784204211661148,34.67309306193325,45,60
31.784204211661148,34.67309306193325,50,55
31.784204211661148,34.67309306193325,65,70
31.784204211661148,34.67309306193325,70,75
31.784204211661148,34.67309306193325,80,85
31.784204211661148,34.67309306193325,85,85
31.783785688327487,34.67250598046545,15,20
31.783785688327487,34.67250598046545,50,55
31.783785688327487,34.67250598046545,55,60
31.783785688327487,34.67250598046545,60,70
31.783785688327487,34.67250598046545,70,70
31.783785688327487,34.67250598046545,75,85
31.783785688327487,34.67250598046545,85,90
31.78338486985116,34.67200342733589,20,15
31.78338486985116,34.67200342733589,55,65
31.78338486985116,34.67200342733589,60,70
31.78338486985116,34.67200342733589,70,65
31.78338486985116,34.67200342733589,85,90
31.78338486985116,34.67200342733589,90,90
31.782869694933208,34.67135964711463,15,5
31.782869694933208,34.67135964711463,65,60
31.782869694933208,34.67135964711463,70,75
31.782869694933208,34.67135964711463,80,80
31.782869694933208,34.67135964711463,90,90
31.782419529670833,34.670852796008305,5,15
31.782419529670833,34.670852796008305,60,60
31.782419529670833,34.670852796008305,70,75
31.782419529670833,34.670852796008305,75,80
31.782419529670833,34.670852796008305,80,85
31.782419529670833,34.670852796008305,90,90
31.781908532848295,34.67031745026514,15,10
31.781908532848295,34.67031745026514,60,70
31.781908532848295,34.67031745026514,75,75
31.781908532848295,34.67031745026514,80,80
31.781908532848295,34.67031745026514,85,85
31.781908532848295,34.67031745026514,90,90
31.781908532848295,34.67031745026514,95,95
31.781448857007863,34.66983403232344,10,5
31.781448857007863,34.66983403232344,70,75
31.781448857007863,34.66983403232344,75,70
31.781448857007863,34.66983403232344,80,85
31.781448857007863,34.66983403232344,85,80
31.781448857007863,34.66983403232344,90,95
31.781448857007863,34.66983403232344,95,95
31.780995990072906,34.66937329808477,5,20
31.780995990072906,34.66937329808477,70,70
31.780995990072906,34.66937329808477,75,65
31.780995990072906,34.66937329808477,80,85
31.780995990072906,34.66937329808477,85,90
31.780995990072906,34.66937329808477,95,90
31.780405157983303,34.668850219290654,20,10
31.780405157983303,34.668850219290654,65,65
31.780405157983303,34.668850219290654,70,70
31.780405157983303,34.668850219290654,85,85
31.780405157983303,34.668850219290654,90,90
31.780405157983303,34.668850219290654,95,90
31.77974965164457,34.668379566863955,10,15
31.77974965164457,34.668379566863955,65,60
31.77974965164457,34.668379566863955,70,70
31.77974965164457,34.668379566863955,85,80
31.77974965164457,34.668379566863955,90,80
31.77974965164457,34.668379566863955,95,95
31.77901216136675,34.667986692013784,15,20
31.77901216136675,34.667986692013784,60,45
31.77901216136675,34.667986692013784,70,70
31.77901216136675,34.667986692013784,80,70
31.77901216136675,34.667986692013784,90,80
31.77901216136675,34.667986692013784,95,85
31.778268061185784,34.66768015682222,20,-1
31.778268061185784,34.66768015682222,45,-1
31.778268061185784,34.66768015682222,70,-1
31.778268061185784,34.66768015682222,75,-1
31.778268061185784,34.66768015682222,80,-1
31.778268061185784,34.66768015682222,85,-1
